# Redirects from what the browser requests to what we serve
/growth-course          https://course.growthcasts.co
/welcome-to-the-course  https://course.growthcasts.co/welcome-to-the-course
/login-page             https://course.growthcasts.co/login-page
/areyouelite            https://growthcasts.co/elite
/you-are-elite          https://growthcasts.co/elite
/lets-do-it             https://growthcasts.co/elite
/just-do-it				https://growthcasts.co/elite
/consulting				https://double-agency.com
/agency 				https://double-agency.com
blog.growthcasts.co     		/blog
https://blog.growthcasts.com	/blog 
